Batch,Total,Techniques,Workplace,Garage,Kitchen,Hall
1,6.25695,0.932833333,1.203383333,0.5261,1.378316667,2.216316667
2,7.508833334,0.934333333,2.310316667,0.83105,1.056316667,2.376816667
3,7.4575,0.931816667,1.449883333,1.188533333,1.39705,2.490216667
4,7.333433334,1.02205,0.582016667,1.257216667,1.597633333,2.874516667
5,6.733066667,1.1394,0.586566667,1.21085,1.595766667,2.200483333
6,6.533533334,1.391866667,0.6113,1.1122,1.59495,1.823216667
7,6.340100001,1.366216667,0.582516667,1.01565,1.598416667,1.7773
8,6.358933334,1.4319,1.044916667,0.505666667,1.5891,1.78735
9,6.802433333,1.6273,1.10575,0.532283333,1.588383333,1.948716667
10,6.22515,1.735383333,0.851883333,0.530766667,1.586,1.521116667
11,5.958116667,1.585083333,0.732216667,0.532066667,1.566983333,1.541766667
12,5.888116668,1.510316667,0.776166667,0.531466667,1.44115,1.629016667
13,6.127416667,1.459866667,1.0203,0.530516667,1.4407,1.676033333
14,5.718799999,0.840583333,1.336033333,0.529283333,1.438983333,1.573916667
15,4.9416,0.7032,0.577883333,0.53035,1.43975,1.690416667
16,4.717133333,0.571883333,0.48675,0.6886,1.4383,1.5316
17,5.401849999,0.485733333,0.5614,1.003233333,1.43615,1.915333333
18,5.956183333,0.523166667,0.86695,1.247083333,1.4358,1.883183333
19,6.382966667,0.5362,0.923616667,1.244133333,1.437316667,2.2417
20,6.182766667,0.53415,0.934216667,1.220433333,1.43445,2.059516667
21,7.245233334,0.533816667,0.856416667,1.247016667,1.434283333,3.1737
22,7.125116666,0.523633333,0.657966667,0.874383333,1.4328,3.636333333
23,5.065466666,0.57725,0.351383333,0.52745,1.524183333,2.0852
24,4.979116667,0.679566667,0.328516667,0.526766667,1.517583333,1.926683333
25,5.455716668,1.293166667,0.375716667,0.52765,1.521816667,1.737366667
26,5.318,1.546666667,0.4663,0.52725,1.621433333,1.15635
27,5.417966667,1.82235,0.4174,0.529116667,1.543166667,1.105933333
28,6.265416667,2.642516667,0.40805,0.527133333,1.498666667,1.18905
29,5.53165,1.73935,0.3983,0.5622,1.381266667,1.450533333
30,5.95085,1.1872,0.3591,0.784566667,1.03245,2.587533333
31,3.963866667,1.19095,0.5555,0.884933333,0.378166667,0.954316667
32,4.751316667,0.833083333,0.6133,1.388466667,0.374616667,1.54185
33,4.72065,0.834283333,0.932,1.268766667,0.373316667,1.312283333
34,4.865916666,0.840433333,0.9963,1.237033333,0.3714,1.42075
35,5.372299999,0.869733333,1.029433333,1.23165,0.431683333,1.8098
36,5.629766667,0.853883333,0.991116667,1.162566667,0.623483333,1.998716667
37,5.721616667,0.8491,0.93975,1.136866667,1.15905,1.63685
38,4.735966665,1.013333333,0.923183333,0.544183333,1.029883333,1.225383333
39,4.943783333,1.3159,0.5966,0.514983333,1.097916667,1.418383333
40,5.141933334,1.654516667,0.519983333,0.514566667,1.120666667,1.3322
41,4.753949999,1.582083333,0.494933333,0.5179,1.147783333,1.01125
42,4.765516668,1.440416667,0.459966667,0.51565,1.358966667,0.990516667
43,4.500383333,1.42185,0.384566667,0.5136,1.509133333,0.671233333
44,3.767333334,0.7322,0.415566667,0.5128,1.515016667,0.59175
45,3.831900001,0.523216667,0.326766667,0.670383333,1.520066667,0.791466667
46,4.90015,0.50875,0.5839,0.95025,1.455483333,1.401766667
47,5.308233333,0.613583333,0.58335,1.230433333,1.160716667,1.72015
48,5.1049,0.917666667,0.514333333,1.22595,0.773516667,1.673433333
49,4.7434,0.9594,0.493866667,1.202316667,0.407883333,1.679933333
50,5.069766667,0.918633333,0.937766667,1.117666667,0.4052,1.6905
51,5.18235,0.837,0.957266667,0.828266667,0.515533333,2.044283333
52,5.429616667,0.494866667,0.841233333,0.509533333,0.753666667,2.830316667
53,4.0839,0.5872,0.649916667,0.554433333,1.166816667,1.125533333
54,4.449733334,0.9307,0.65615,0.70515,1.184016667,0.973716667
55,5.002483333,1.36085,0.647683333,0.883133333,1.151766667,0.95905
56,4.587933333,1.36195,0.649633333,0.794633333,1.1749,0.606816667
57,4.368183334,1.149316667,1,0.794316667,1.09195,0.676783333
58,4.997266667,1.032816667,2,0.9062,1.08845,1.150216667
59,5.089966667,0.7142,1,1.12535,1.089666667,1.316166667
60,5.7437,0.497066667,1,1.6672,1.03305,1.332733333
61,5.640799999,0.465133333,1.20935,1.660883333,1.0062,1.299233333
62,5.058316667,0.512933333,1.200916667,1.658066667,0.44515,1.24125
63,5.264583333,0.651283333,1.1969,1.546366667,0.406933333,1.4631
64,4.847283333,0.71045,1.191283333,1.4719,0.4793,0.99435
65,5.257066666,1.195683333,1.162333333,1.39045,0.5225,0.9861
66,5.4367,1.184766667,1.26655,1.096,0.90395,0.985433333
67,5.171150001,1.157433333,1.244766667,0.786616667,0.999266667,0.983066667
68,5.507783334,0.815616667,1.4683,0.7841,1.46405,0.975716667
69,5.494866666,0.61905,1.4908,0.784483333,1.550433333,1.0501
70,5.617783334,0.754166667,1.4136,0.781566667,1.547316667,1.121133333
71,5.972550001,1.042116667,1.36025,0.785266667,1.546666667,1.23825
72,6.3198,1.324533333,1.36235,0.783433333,1.541866667,1.307616667
73,6.405216667,1.359466667,1.3758,0.782833333,1.4967,1.390416667
74,6.257916667,1.3133,1.379166667,0.78265,1.344383333,1.438416667
75,6.300933333,1.603183333,1.437983333,0.865933333,1.012566667,1.381266667
76,5.688450001,1.208766667,2.254666667,0.926416667,0.46315,0.83545
77,7.352183334,1.072566667,3.39335,1.47585,0.40925,1.001166667
78,6.593783334,1.0283,2.69695,1.4796,0.408316667,0.980616667
79,5.759483333,1.025233333,1.868783333,1.477066667,0.409666667,0.978733333
80,5.921483334,1.025866667,1.849816667,1.420366667,0.47865,1.146783333
81,5.785550001,1.095533333,1.463366667,1.374916667,0.563016667,1.288716667
82,5.882933333,0.99885,1.452266667,0.894483333,0.815433333,1.7219
83,6.087050001,0.584066667,1.455716667,0.766516667,1.476533333,1.804216667
84,5.803466667,0.568116667,1.4764,0.766033333,1.599166667,1.39375
85,5.756183333,0.5922,1.464583333,0.7666,1.544833333,1.387966667
86,7.367416667,0.6984,2.941366667,0.766566667,1.502283333,1.4588
87,7.82705,0.872033333,3.368066667,0.7683,1.295,1.52365
88,7.364050001,1.318816667,2.216666667,0.775283333,1.200066667,1.853216667
89,6.602983334,1.3866,1.918016667,0.767066667,0.716516667,1.814783333
90,6.336633333,1.384583333,1.898733333,0.766833333,0.643416667,1.643066667
91,5.829016667,1.2114,1.810266667,0.882166667,0.6929,1.232283333
92,5.913616666,1.07305,1.479083333,1.014983333,1.03135,1.31515
93,6.136350001,0.891583333,0.918466667,1.483266667,1.116616667,1.726416667
94,6.119633334,0.8999,0.777316667,1.47545,1.244516667,1.72245
95,6.518016666,0.830633333,0.7786,1.483033333,1.712183333,1.713566667
96,6.064716667,0.572466667,0.7806,1.406566667,1.671033333,1.63405
97,6.975016666,0.4222,0.820083333,1.368583333,1.617783333,2.746366667
98,6.754666667,0.421366667,1.003183333,0.7987,1.242816667,3.2886
99,7.046983333,0.4195,1.62535,0.774883333,1.200866667,3.026383333
100,7.356983334,0.506516667,1.952966667,0.725616667,1.16025,3.011633333
101,5.678183334,0.6223,1.932916667,0.60085,0.706466667,1.81565
102,5.449466666,0.951366667,1.904333333,0.316933333,0.555033333,1.7218
103,5.4993,0.981,1.670966667,0.3148,0.5538,1.978733333
104,4.763316667,1.0481,1.397883333,0.31425,0.554266667,1.448816667
105,5.248099999,1.376433333,1.283983333,0.3153,0.5946,1.677783333
106,6.796483335,1.616016667,1.228316667,0.365016667,0.639916667,2.947216667
107,6.61845,1.613416667,0.730666667,0.472783333,0.952683333,2.8489
108,5.4219,1.573383333,0.618066667,0.445916667,1.1615,1.623033333
109,5.828166666,1.44585,0.7075,0.60695,1.517333333,1.550533333
110,6.354050001,0.940916667,1.259366667,0.767166667,1.695783333,1.690816667
111,7.471966667,0.418883333,2.3165,1.243666667,1.69315,1.799766667
112,7.998733334,0.41945,2.382016667,1.573416667,1.66515,1.9587
113,6.688816667,0.418216667,1.162783333,1.56585,1.576016667,1.96595
114,6.635116667,0.4286,1.383566667,1.503133333,1.203,2.116816667
115,6.277516667,0.43665,1.81835,1.4086,0.554166667,2.05975
116,5.412966667,0.443233333,1.490683333,0.796766667,0.549766667,2.132516667
117,5.166616666,0.6316,1.395366667,0.393383333,0.568083333,2.178183333
118,5.682716667,1.070016667,1.37625,0.3625,0.545866667,2.328083333
119,4.626433333,1.01625,1.324483333,0.3131,0.548666667,1.423933333
120,4.324100001,0.820666667,1.296166667,0.313066667,0.5467,1.3475
121,3.848366667,0.539166667,0.879016667,0.319083333,0.604583333,1.506516667
122,4.515033334,0.564366667,1.059566667,0.41385,0.694516667,1.782733333
123,5.258333334,0.9612,1.2265,0.657666667,0.50255,1.910416667
124,6.318500001,1.2237,1.221166667,0.773116667,0.684216667,2.4163
125,6.653616666,1.1087,1.297616667,0.771833333,0.958933333,2.516533333
126,6.678366667,1.08495,1.407116667,0.82245,0.862633333,2.501216667
127,6.306516668,0.577566667,1.475316667,0.916016667,0.86015,2.477466667
128,6.040766667,0.426083333,0.889316667,1.381033333,0.857966667,2.486366667
129,5.978866666,0.47175,1.012233333,1.25085,0.8512,2.392833333
130,6.316649999,0.485883333,1.544533333,1.028,0.8975,2.360733333
131,6.186933333,0.735183333,1.518266667,0.95745,0.852333333,2.1237
132,6.084616666,0.729083333,1.5004,0.918916667,1.073983333,1.862233333
133,5.000149999,0.461833333,1.499116667,0.343233333,1.091883333,1.604083333
134,4.696766668,0.308316667,1.577316667,0.4381,1.086516667,1.286516667
135,5.1954,0.36185,1.5532,0.487783333,1.376816667,1.41575
136,4.1063,0.483066667,0.89725,0.483133333,0.919066667,1.323783333
137,4.56855,0.984616667,0.912633333,0.563133333,0.79785,1.310316667
138,5.091083333,1.101983333,1.017383333,0.546866667,0.752183333,1.672666667
139,5.38905,1.099116667,1.281766667,0.559783333,0.751883333,1.6965
140,5.762366666,1.094483333,1.2603,0.871083333,0.7499,1.7866
141,6.458516667,1.04615,1.86805,0.93925,0.7203,1.884766667
142,7.195916667,0.9656,2.1361,0.978183333,0.704916667,2.411116667
143,5.792350001,0.612366667,1.569933333,0.942816667,0.335166667,2.332066667
144,5.831966666,0.5254,1.501333333,1.203283333,0.293816667,2.308133333
145,5.581883333,0.5138,1.502333333,1.1943,0.366016667,2.005433333
146,5.420816667,0.472533333,1.4553,1.192016667,0.408,1.892966667
147,5.691683334,0.465566667,1.406116667,1.134366667,0.751183333,1.93445
148,5.11285,0.46115,0.818233333,1.171616667,0.74655,1.9153
149,4.715183333,0.459883333,0.82885,0.79265,0.746616667,1.887183333
150,5.6401,0.4605,1.505016667,0.937133333,0.744283333,1.993166667
151,6.529933334,0.4947,2.803166667,0.936716667,0.794283333,1.501066667
152,5.816533333,0.506783333,2.577816667,0.93565,0.83095,0.965333333
153,4.193033333,0.542216667,0.962933333,0.892033333,0.8302,0.96565
154,4.538166665,0.681333333,1.239033333,0.830083333,0.833233333,0.954483333
155,4.52615,1.034183333,1.2342,0.481066667,0.825833333,0.950866667
156,4.745916667,1.252466667,1.289116667,0.470533333,0.782066667,0.951733333
157,4.722450001,1.217616667,1.47245,0.468116667,0.6139,0.950366667
158,4.5821,1.1169,1.667616667,0.478433333,0.36875,0.9504
159,4.161316667,0.8278,1.3855,0.635716667,0.369283333,0.943016667
160,4.44125,0.626066667,1.387983333,1.0292,0.455383333,0.942616667
161,4.911183333,0.625016667,1.4422,1.280933333,0.618033333,0.945
162,5.108266668,0.6246,1.334616667,1.384416667,0.820416667,0.944216667
163,5.158183334,0.624066667,1.303966667,1.5458,0.742366667,0.941983333
164,4.66495,0.6243,0.916783333,1.443133333,0.740516667,0.940216667
165,4.052733333,0.624483333,0.835216667,0.913233333,0.740866667,0.938933333
166,3.934149999,0.625983333,0.753433333,0.8731,0.7405,0.941133333
167,3.838766667,0.650616667,0.82785,0.682516667,0.737933333,0.93985
168,3.678283333,0.72445,0.815,0.461633333,0.73805,0.93915
169,3.7693,0.8065,0.82405,0.461516667,0.737683333,0.93955
170,4.553966666,1.191433333,1.157983333,0.45945,0.69335,1.05175
171,4.553766665,1.102633333,1.178633333,0.462083333,0.606583333,1.203833333
172,4.728866667,1.09835,1.212216667,0.4617,0.28565,1.67095
173,6.674983332,1.062483333,0.957433333,0.460433333,0.2847,3.909933333
174,7.953083333,0.964983333,1.3964,0.594783333,0.284016667,4.7129
175,7.909333334,0.660283333,1.473566667,0.90385,0.284716667,4.586916667
176,7.970066667,0.35565,1.51405,1.140616667,0.28575,4.674
177,7.12795,0.356166667,1.498733333,1.1239,0.282616667,3.866533333
178,7.372083333,0.355433333,1.484883333,1.121716667,0.282516667,4.127533333
179,6.725749999,0.353833333,1.033083333,1.106733333,0.281283333,3.950816667
180,7.012433334,0.366983333,0.926416667,1.333616667,0.28065,4.104766667
181,6.371883334,0.380316667,0.936416667,0.86615,0.283833333,3.905166667
182,6.08925,0.381716667,1.030683333,0.314266667,0.280483333,4.0821
183,6.089600001,0.385166667,1.214266667,0.3123,0.275416667,3.90245
184,6.476966666,0.43125,1.380883333,0.3123,0.26945,4.083083333
185,6.457716667,0.532833333,1.431966667,0.312983333,0.267266667,3.912666667
186,6.721233333,0.707933333,1.35075,0.315966667,0.265283333,4.0813
187,7.136083332,1.146783333,1.367033333,0.416083333,0.258933333,3.94725
188,7.151716666,1.146333333,1.07445,0.64495,0.2565,4.029483333
189,7.656233333,1.140816667,1.413966667,0.777533333,0.261333333,4.062583333
190,7.927933334,1.104866667,1.6967,0.934166667,0.26135,3.93085
191,8.823333334,1.004516667,2.2149,1.251983333,0.261316667,4.090616667
192,9.185433333,0.69745,3.1113,1.485566667,0.257183333,3.633933333
193,8.531433333,0.400966667,2.563283333,1.436833333,0.26015,3.8702
194,6.649283333,0.394983333,1.29605,1.316633333,0.260966667,3.38065
195,3.622416666,0.578283333,0.88115,0.93815,0.25695,0.967883333
196,3.550883333,0.6243,0.870233333,0.833933333,0.253766667,0.96865
197,3.359683333,0.836433333,0.9832,0.31685,0.25325,0.96995
198,4.1934,0.81695,1.157766667,0.3135,0.25695,1.648233333
199,6.385866667,0.795916667,1.297166667,0.31395,0.43045,3.548383333
200,6.575366668,0.795116667,1.4334,0.393316667,0.414766667,3.538766667
201,4.387249999,0.856283333,1.456483333,0.380233333,0.41265,1.2816
202,4.152100001,0.964266667,1.199366667,0.480266667,0.407633333,1.100566667
203,5.060900001,1.3912,0.8689,0.803366667,0.407166667,1.590266667
204,7.490533333,1.524383333,0.996483333,0.930616667,0.543533333,3.495516667
205,8.684833332,1.524333333,1.3547,1.392983333,0.823933333,3.588883333
206,9.252616667,1.531166667,1.5919,1.390633333,1.121016667,3.6179
207,8.039216666,1.462716667,1.566983333,1.031133333,1.09665,2.881733333
208,5.787833333,1.407533333,1.5298,0.9721,1.019533333,0.858866667
209,7.426366666,0.906033333,1.431,0.92505,0.764533333,3.39975
210,6.831733333,0.8744,1.1442,0.503566667,0.396133333,3.913433333
211,6.57525,0.833916667,0.9527,0.354416667,0.395183333,4.039033333
212,4.719716666,0.7824,1.08515,0.407233333,0.3926,2.052333333
213,5.498083333,0.78235,0.870333333,0.4066,0.389666667,3.049133333
214,7.527516667,0.7877,0.9283,0.42065,0.39205,4.998816667
215,9.214583333,0.778933333,2.63395,0.781283333,0.391966667,4.62845
216,6.485316667,0.78155,2.308583333,0.784366667,0.385966667,2.22485
217,4.878850001,0.846183333,1.303266667,0.831716667,0.374016667,1.523666667
218,5.521,0.952133333,0.991366667,0.961316667,0.364633333,2.25155
219,7.316733333,1.001183333,0.852516667,1.030633333,0.349433333,4.082966667
220,7.3763,1.106666667,0.831266667,1.028333333,0.3666,4.043433333
221,5.991233332,1.596933333,0.826333333,0.972883333,0.374283333,2.2208
222,5.892016667,1.691383333,1.083283333,0.989666667,0.376666667,1.751016667
223,6.059200001,1.680916667,1.228866667,0.470833333,0.504866667,2.173716667
224,9.932966666,1.644783333,2.242633333,0.4102,0.791666667,4.843683333
225,12.46398333,1.54415,4.553516667,0.561033333,1.091633333,4.71365
226,11.6884,1.239466667,4.888216667,0.7778,1.086466667,3.69645
227,10.27908333,0.913333333,4.838633333,0.77655,1.021383333,2.729183333
228,10.4198,0.910966667,5.423316667,0.773833333,0.993533333,2.31815
229,12.47351667,0.908183333,5.27595,0.876333333,0.43395,4.9791
230,11.67891667,0.9076,5.39405,0.9799,0.388333333,4.009033333
231,9.929933334,0.907366667,4.716283333,1.4675,0.315416667,2.523366667
232,8.455266667,0.907916667,4.268616667,1.149566667,0.947433333,1.181733333
233,8.589266667,0.905,4.0787,1.12075,1.3962,1.088616667
234,8.152900001,0.90525,3.649366667,1.057366667,1.4498,1.091116667
235,8.271383333,0.90375,3.805483333,1.044116667,1.21135,1.306683333
236,7.67125,0.9048,3.641516667,0.587283333,1.271283333,1.266366667
237,6.250983333,0.905016667,2.0612,0.801133333,1.249283333,1.23435
238,4.866366666,0.9038,0.7823,0.853383333,1.250133333,1.07675
239,4.746666667,0.965116667,0.77735,0.85335,1.328033333,0.822816667
240,6.0626,0.956766667,0.784383333,0.84905,2.653433333,0.818966667
241,6.681766666,0.940616667,2.01095,0.811383333,1.641133333,1.277683333
242,7.217516666,0.588783333,2.8532,0.723833333,1.947983333,1.103716667
243,7.353816667,0.6731,3.019566667,0.73815,1.59095,1.33205
244,8.7636,0.80995,4.281116667,0.681033333,1.568116667,1.423383333
245,9.599433333,1.28035,4.46935,1.0349,1.330483333,1.48435
246,10.32966667,1.2787,4.32965,1.030166667,1.24775,2.4434
247,10.85425,1.155933333,5.01355,1.02875,1.248333333,2.407683333
248,9.647133334,0.921866667,4.00905,0.9531,1.394816667,2.3683
249,6.848516666,0.452683333,1.85105,0.9475,1.2459,2.351383333
250,5.87845,0.4272,1.64685,0.403383333,1.2092,2.191816667
251,5.815433334,0.467016667,1.205316667,0.4712,1.68785,1.98405
252,4.59905,0.455083333,0.9042,0.552283333,1.209966667,1.477516667
253,4.478783334,0.4309,0.822466667,0.562,1.207366667,1.45605
254,5.202349999,0.765533333,0.831583333,0.8633,1.200233333,1.5417
255,5.361033334,0.714716667,0.852466667,0.89945,1.1923,1.7021
256,5.59535,0.5928,0.82535,0.8424,1.196633333,2.138166667
257,4.752783333,0.305833333,0.831683333,0.4899,1.1526,1.972766667
258,6.541766667,0.304033333,2.3629,0.6473,1.161166667,2.066366667
259,7.682166667,0.303583333,3.791416667,1.034266667,0.543816667,2.009083333
260,8.599616666,0.30335,4.422883333,1.190466667,0.597483333,2.085433333
261,8.442983333,0.304083333,4.073616667,1.193883333,0.53265,2.33875
262,9.1171,0.304816667,4.146633333,1.2888,1.265083333,2.111766667
263,5.397350001,0.382966667,1.148166667,1.437183333,0.561466667,1.867566667
264,5.932283334,0.47145,1.525916667,1.4521,0.6485,1.834316667
265,6.325499999,0.738883333,1.734383333,0.9298,1.1225,1.799933333
266,8.000216666,1.5948,2.836533333,0.925233333,1.205,1.43865
267,6.936216667,1.618166667,1.969733333,0.88295,1.25565,1.209716667
268,5.955533333,1.37305,1.359633333,0.825883333,1.202216667,1.19475
269,7.3894,1.2517,3.286,0.46525,1.202833333,1.183616667
270,6.857133334,0.324166667,3.2854,0.4622,1.24345,1.541916667
271,6.623433334,0.305366667,3.1059,0.463316667,1.18195,1.5669
272,6.677633334,0.305516667,3.184633333,0.515066667,1.110366667,1.56205
273,6.183716667,0.304466667,2.753716667,0.613116667,0.851233333,1.661183333
274,6.401049999,0.304933333,2.648233333,1.215,0.498433333,1.73445
275,6.769316666,0.3049,2.485083333,1.27125,0.493933333,2.21415
276,6.420166667,0.373916667,2.63085,1.24425,0.485733333,1.685416667
277,5.533666666,0.348683333,1.511433333,1.6132,0.474183333,1.586166667
278,5.7874,0.4036,1.564216667,1.52545,0.51025,1.783883333
279,5.55405,0.582433333,1.309016667,1.31555,0.642316667,1.704733333
280,6.069083334,0.76795,1.434466667,0.867266667,1.14195,1.85745
281,5.24525,0.72395,1.099216667,0.5,1.466683333,1.4554
282,4.991766665,0.660783333,0.854233333,0.461883333,1.586983333,1.427883333
283,4.723483334,0.344016667,0.86955,0.459683333,1.742366667,1.307866667
284,4.892166667,0.479716667,0.8653,0.5407,1.698883333,1.307566667
285,5.240633333,0.7863,0.861283333,0.6287,1.65715,1.3072
286,5.900683333,1.070666667,0.8774,1.21665,1.404733333,1.331233333
287,5.514366666,1.027233333,0.86955,1.19365,0.9322,1.491733333
288,5.248283334,0.919716667,0.950816667,1.1377,0.580416667,1.659633333
289,5.2517,0.6415,0.92295,1.269933333,0.511966667,1.90535
290,5.085699999,0.305633333,0.9006,1.462433333,0.524933333,1.8921
291,5.835433334,0.38205,1.277566667,1.443566667,0.978966667,1.753283333
292,7.61815,0.348133333,1.4324,1.413866667,1.896533333,2.527216667
293,7.591133333,0.405833333,1.853266667,1.15865,1.2838,2.889583333
294,4.992716667,0.649016667,1.90885,1.00365,0.527916667,0.903283333
295,4.562466666,0.766933333,1.48975,1.089116667,0.487633333,0.729033333
296,4.655083333,0.788283333,1.42135,1.089566667,0.6326,0.723283333
297,4.724016666,0.888083333,1.030283333,1.052316667,0.69065,1.062683333
298,5.17405,0.7441,0.8401,1.098366667,1.378183333,1.1133
299,5.2776,0.460766667,1.01355,1.134633333,1.370566667,1.298083333
300,5.982999999,0.459583333,0.879566667,1.442983333,1.512733333,1.688133333
301,6.371066666,0.494116667,0.945383333,1.444183333,1.84715,1.640233333
302,6.496966667,0.631616667,0.9336,1.44455,1.835,1.6522
303,6.676983334,0.917216667,0.972233333,1.497266667,1.603516667,1.68675
304,6.244,1.210583333,1.093866667,1.526216667,0.804083333,1.60925
305,6.756749999,1.200866667,1.561583333,1.544333333,0.897833333,1.552133333
306,6.159733334,1.278733333,1.561166667,1.528516667,0.798266667,0.99305
307,5.896316667,1.24045,1.5219,1.538716667,0.6859,0.90935
308,6.379433333,1.287783333,1.47635,1.538616667,0.79355,1.283133333
309,6.431683333,1.288133333,1.149016667,1.5416,0.7177,1.735233333
310,6.770033333,1.316033333,1.668716667,1.541133333,0.528583333,1.715566667
311,8.006816667,1.6532,2.370066667,1.5457,0.5343,1.90355
312,7.21445,1.64675,1.01375,1.543633333,0.932966667,2.07735
313,7.636866666,1.63965,0.917716667,1.541933333,1.014533333,2.523033333
314,8.1776,1.63695,0.82005,1.54345,1.6418,2.53535
315,8.331933334,1.6337,0.7516,1.542966667,1.79935,2.604316667
316,10.01245,1.6305,0.755683333,1.543566667,3.226783333,2.855916667
317,9.0252,1.6271,0.755566667,1.544283333,2.337766667,2.760483333
318,8.056333333,1.622983333,0.891,1.5432,1.581283333,2.417866667
319,7.3597,1.618316667,0.805183333,1.543166667,1.24615,2.146883333
320,6.82645,1.617066667,0.784333333,1.5411,0.748966667,2.134983333
321,6.648416667,1.614116667,0.778716667,1.545466667,0.577633333,2.132483333
322,7.480950001,1.6158,1.442,1.547616667,0.715816667,2.159716667
323,7.670366666,1.615183333,1.72255,1.54345,0.514033333,2.27515
324,7.898233333,1.510233333,1.705483333,1.453316667,0.763016667,2.466183333
325,8.444316667,1.466183333,1.71635,1.351816667,1.019466667,2.8905
326,7.567216667,1.405133333,1.724616667,0.842416667,0.705416667,2.889633333
327,7.127483332,1.359483333,1.721133333,0.84285,0.643233333,2.560783333
328,5.67835,0.84895,1.72065,0.83915,0.642433333,1.627166667
329,5.544416667,0.755716667,1.766566667,0.954266667,0.663633333,1.404233333
330,5.35275,0.7565,1.8681,1.109266667,0.778283333,0.8406
331,6.209616668,0.755066667,2.3483,1.584566667,1.050116667,0.471566667
332,6.952983333,0.88395,2.431416667,1.564333333,1.55105,0.522233333
333,6.942416667,0.760816667,2.3693,1.553266667,1.718983333,0.54005
334,7.3589,0.915983333,2.339316667,1.586983333,1.615116667,0.9015
335,7.023566668,1.2014,1.922766667,1.549666667,1.452516667,0.897216667
336,7.410166667,1.49905,1.9223,1.548116667,1.5455,0.8952
337,7.914466666,1.473983333,2.401033333,1.58325,1.45365,1.00255
338,7.524083333,1.4935,2.360233333,1.541783333,1.06895,1.059616667
339,9.279800001,1.450216667,2.291866667,1.541916667,2.38005,1.61575
340,9.073099999,1.447033333,1.924883333,1.830883333,2.23375,1.63655
341,8.1015,1.49065,1.713266667,2.361783333,0.937716667,1.598083333
342,7.771366667,1.445316667,0.573383333,2.873016667,0.96155,1.9181
343,9.188066667,1.454933333,0.532033333,2.830566667,1.970966667,2.399566667
344,7.915733335,1.456066667,0.656866667,1.586866667,2.189266667,2.026666667
345,7.31175,1.356516667,0.703666667,1.7947,2.322933333,1.133933333
346,7.224033333,1.319783333,0.651483333,1.696616667,2.474,1.08215
347,6.9311,0.795516667,0.63985,1.869933333,2.731216667,0.894583333
348,6.754383333,0.9053,0.5272,1.6131,2.8138,0.894983333
349,7.257616666,1.375633333,0.64155,1.919283333,2.428033333,0.893116667
350,7.7083,1.453033333,0.572816667,2.3338,2.458316667,0.890333333
351,8.318566667,1.452683333,0.574666667,2.542666667,2.858266667,0.890283333
352,9.237983333,1.447116667,0.623333333,2.361533333,3.907183333,0.898816667
353,8.422066667,1.397066667,0.727233333,2.048416667,3.262283333,0.987066667
354,8.456533333,1.11005,1.2211,2.574266667,2.636783333,0.914333333
355,7.952633334,0.912616667,1.317716667,1.945383333,2.556016667,1.2209
356,7.671816666,0.517433333,1.385433333,1.913933333,2.638166667,1.21685
357,8.389583333,0.3052,2.37985,1.853216667,2.555083333,1.296233333
358,8.040833334,0.303566667,2.360633333,1.806266667,2.173166667,1.3972
359,6.47735,0.3029,0.615583333,1.315416667,2.678083333,1.565366667
360,6.739283333,0.343533333,0.609816667,1.192633333,3.264533333,1.328766667
361,5.497333333,0.36665,0.5365,1.193033333,2.51035,0.8908
362,6.456666667,0.502316667,1.664683333,1.3178,2.07165,0.900216667
363,6.330266667,0.594316667,2.126583333,1.336516667,1.30845,0.9644
364,5.7084,0.939066667,1.0156,1.467733333,1.24745,1.03855
365,4.848966667,0.990366667,0.53355,1.41605,0.8425,1.0665
366,6.181583333,1.4998,0.536683333,1.909716667,0.6769,1.558483333
367,5.966966667,1.1464,0.536216667,2.069383333,0.652616667,1.56235
368,5.525166665,1.085033333,0.586633333,2.041383333,0.643483333,1.168633333
369,5.461750001,1.0463,0.684166667,2.019916667,0.621,1.090366667
370,5.88815,0.994083333,1.187466667,2.01595,0.5819,1.10875
371,5.473666666,0.5801,1.274883333,2.0042,0.4419,1.172583333
372,5.316700001,0.470716667,1.254116667,1.986866667,0.349916667,1.255083333
373,6.206533334,0.623166667,1.226766667,1.9282,0.452533333,1.975866667
374,6.797849999,0.61435,1.14565,1.877083333,0.567533333,2.593233333
375,6.322433332,0.925683333,0.788683333,1.411933333,0.9885,2.207633333
376,5.968683333,0.926283333,0.47775,1.3356,1.021516667,2.207533333
377,6.910966666,1.032583333,0.43385,1.339733333,1.900383333,2.204416667
378,7.877266667,1.330716667,0.5068,1.325816667,2.5087,2.205233333
379,7.023416666,1.181233333,0.537083333,1.318766667,1.79575,2.190583333
380,6.35955,1.161033333,0.5888,1.39095,1.0585,2.160266667
381,6.24195,1.153066667,0.692266667,1.42565,1.048133333,1.922833333
382,6.4194,1.06415,1.153816667,1.5365,0.8513,1.813633333
383,6.590116667,0.864666667,1.247183333,1.830583333,0.497466667,2.150216667
384,6.753633333,0.5192,1.192583333,2.100633333,0.5207,2.420516667
385,6.795833333,0.4955,1.152933333,2.12245,0.564333333,2.460616667
386,7.023216668,0.545516667,1.235616667,2.141566667,0.6175,2.483016667
387,6.5764,0.540433333,1.297166667,1.897266667,0.4938,2.347733333
388,6.520449999,0.5194,1.231233333,1.728133333,0.7152,2.326483333
389,7.553983333,0.86465,2.348583333,1.3078,1.02055,2.0124
390,7.396583333,0.913616667,2.156233333,1.0083,1.223433333,2.095
391,6.834833334,0.6653,1.729266667,1.011416667,1.33645,2.0924
392,7.246633333,1.108883333,1.729016667,0.979033333,1.337333333,2.092366667
393,7.222399999,1.148383333,1.738333333,0.97295,1.271783333,2.09095
394,6.962216667,1.14505,1.739416667,0.9638,1.021483333,2.092466667
395,6.933616667,1.137916667,1.735283333,0.999816667,1.006866667,2.053733333
396,6.790083333,1.137566667,1.734733333,0.96095,0.931883333,2.02495
397,6.333966667,0.925866667,1.730216667,1.039716667,0.913133333,1.725033333
398,5.524983333,0.523766667,1.735283333,1.116116667,0.342083333,1.807733333
399,6.87245,0.79095,1.736266667,1.6614,0.33725,2.346583333
400,6.995066667,0.762966667,1.735333333,1.6487,0.381316667,2.46675
401,6.399216666,0.759583333,1.7338,1.521933333,0.519133333,1.864766667
402,5.833183334,0.713466667,1.72775,1.523316667,0.34825,1.5204
403,5.836333333,0.588183333,1.730883333,1.54275,0.517366667,1.45715
404,5.632166667,0.30365,1.7272,1.558866667,0.64125,1.4012
405,5.158483333,0.406783333,1.73165,1.109733333,0.960066667,0.95025
406,4.998633333,0.589666667,1.83115,0.7798,1.020383333,0.777633333
407,4.5258,1.07865,0.869633333,0.799216667,1.00255,0.77575
408,4.683416667,1.048366667,1.1731,0.76695,0.923583333,0.771416667
409,5.309233333,1.091766667,1.144633333,0.786516667,1.555483333,0.730833333
410,5.849650001,1.05175,1.1442,0.777216667,2.252116667,0.624366667
411,5.151050001,0.988266667,1.112366667,0.802266667,1.8612,0.38695
412,4.52315,0.9515,0.910716667,0.781583333,1.562133333,0.317216667
413,4.1223,0.744,0.927,0.763433333,1.26085,0.427016667
414,4.361349999,0.715333333,1.15035,0.454983333,1.50895,0.531733333
415,4.330983334,0.452266667,1.130516667,0.4474,1.568133333,0.732666667
416,4.812416667,0.305466667,0.99615,0.455716667,1.5945,1.460583333
417,4.622233334,0.3041,0.815366667,0.470083333,1.564016667,1.468666667
418,4.766833334,0.3037,0.870966667,0.583416667,1.519416667,1.489333333
419,5.3871,0.302766667,0.87135,1.118933333,1.603133333,1.490916667
420,5.579300001,0.388516667,1.019666667,1.19725,1.604816667,1.36905
421,5.501316666,0.501916667,1.067133333,1.151683333,1.5309,1.249683333
422,5.915083334,0.767266667,1.88395,1.011316667,1.47975,0.7728
423,5.733983334,0.7627,1.62115,1.067916667,1.553766667,0.72845
424,5.09815,0.761383333,1.4057,0.763433333,1.595316667,0.572316667
425,5.109883333,0.772766667,1.358083333,0.762766667,1.899983333,0.316283333
426,5.615133333,0.766733333,1.8787,0.767033333,1.885166667,0.3175
427,4.891916667,0.741983333,1.525466667,0.779216667,1.439433333,0.405816667
428,4.264066667,0.712683333,1.611816667,0.781466667,0.5909,0.5672
429,4.465383333,0.45125,2.044616667,0.600833333,0.585933333,0.78275
430,3.1833,0.303016667,1.207816667,0.371783333,0.520933333,0.77975
431,2.9851,0.304216667,1.108366667,0.372533333,0.22435,0.975633333
432,3.059416667,0.304533333,1.084566667,0.371066667,0.1311,1.16815
433,3.56715,0.3793,1.019033333,0.37565,0.0926,1.700566667
434,3.814483333,0.343566667,1.021133333,0.553483333,0.201816667,1.694483333
435,4.316633333,0.40395,1.16685,0.8462,0.210133333,1.6895
436,4.991566667,0.63435,1.3888,1.0879,0.2063,1.674216667
437,5.701966667,0.764933333,2.100516667,1.109016667,0.199666667,1.527833333
438,5.518133333,0.76095,2.200883333,1.105016667,0.175583333,1.2757
439,4.640300001,0.725966667,2.1943,1.013816667,0.1732,0.533016667
440,4.307166666,0.7064,2.0628,0.913783333,0.1397,0.484483333
441,3.420299999,0.323133333,2.039083333,0.416783333,0.15875,0.48255
442,2.942999999,0.30435,1.493333333,0.40855,0.253183333,0.483583333
443,3.21045,0.3018,1.4836,0.387683333,0.468616667,0.56875
444,3.344216667,0.301833333,1.481766667,0.347566667,0.651866667,0.561183333
445,3.439033334,0.38285,1.488566667,0.349233333,0.668616667,0.549766667
446,3.790816667,0.369933333,1.485266667,0.351716667,0.669933333,0.913966667
447,4.339,0.379483333,1.483316667,0.336466667,1.197083333,0.94265
448,5.711416667,0.69525,1.552066667,0.350133333,2.17355,0.940416667
449,5.5841,0.760166667,1.592383333,0.368483333,1.9289,0.934166667
450,4.1396,0.868533333,1.585866667,0.361083333,0.31815,1.005966667
451,4.264583333,0.874133333,1.561733333,0.41205,0.321416667,1.09525
452,4.699533334,0.740633333,1.588116667,0.525916667,0.3166,1.528266667
453,5.056966666,0.454533333,1.56385,1.035383333,0.319266667,1.683933333
454,5.113433332,0.452433333,1.562683333,1.103233333,0.31505,1.680033333
455,4.940866667,0.4509,1.560766667,1.073716667,0.31835,1.537133333
456,4.715,0.453266667,1.561133333,0.9813,0.277816667,1.441483333
457,4.310949999,0.532383333,1.559383333,0.875533333,0.829733333,0.513916667
458,3.683483333,0.516883333,1.558016667,0.3555,0.78565,0.467433333
459,3.250683334,0.514766667,1.5541,0.365333333,0.341116667,0.475366667
460,4.920100001,0.5435,1.564466667,1.401816667,0.919766667,0.49055
461,5.415833333,0.635783333,1.558633333,1.799616667,0.88545,0.53635
462,4.305649999,0.9114,1.544233333,0.3875,0.906833333,0.555683333
463,4.161433333,0.905416667,1.48865,0.392433333,0.854983333,0.51995
464,4.276033333,0.904633333,1.490666667,0.39055,0.90715,0.583033333
465,4.6278,0.859933333,1.49035,0.38705,0.881266667,1.0092
466,5.891716667,0.795233333,1.489616667,0.37265,1.925916667,1.3083
467,5.925933332,0.446333333,1.485333333,0.379783333,1.998,1.616483333
468,7.438650001,0.4455,1.489866667,0.427416667,3.44925,1.626616667
469,7.195983334,0.444616667,1.487233333,0.550416667,3.083066667,1.63065
470,7.123766667,0.509966667,1.490116667,1.1292,2.23455,1.759933333
471,6.937316666,0.487833333,1.49045,1.18535,2.2044,1.569283333
472,6.5611,0.39505,1.490216667,1.183583333,2.095216667,1.397033333
473,5.4664,0.298183333,1.6055,1.235116667,1.407233333,0.920366667
474,5.093733333,0.298933333,1.523116667,1.244883333,1.106166667,0.920633333
475,4.738466667,0.298166667,1.662016667,0.94825,0.933833333,0.8962
476,5.031849999,0.3013,2.14965,0.623633333,1.167333333,0.789933333
477,5.505049999,0.300883333,3.294233333,0.61415,0.86305,0.432733333
478,4.3074,0.299633333,1.975366667,0.604983333,1.109216667,0.3182
479,3.721383333,0.2966,1.101283333,0.602033333,1.321466667,0.4
480,3.9167,0.29725,1.456,0.59855,1.05355,0.51135
481,3.928066667,0.2978,1.464866667,0.5942,0.943733333,0.627466667
482,4.268766666,0.3717,1.0972,0.55635,0.907333333,1.336183333
483,4.4926,0.386133333,1.388266667,0.508433333,0.637716667,1.57205
484,4.6725,0.389833333,1.357066667,0.611666667,0.78425,1.529683333
485,4.683033333,0.390183333,1.51915,0.684,0.490083333,1.599616667
486,5.688233334,0.389916667,1.866783333,1.23105,0.715216667,1.485266667
487,5.386016667,0.3858,1.809716667,1.22365,0.630383333,1.336466667
488,5.190216668,0.384066667,1.779416667,1.267816667,0.878516667,0.8804
489,4.92815,0.3812,1.655933333,1.262316667,0.7525,0.8762
490,4.821783334,0.378083333,1.388016667,1.539366667,0.6516,0.864716667
491,10.98728333,0.3785,7.365633333,1.4849,0.9059,0.85235
492,5.047383333,0.377583333,1.882033333,0.916966667,0.9936,0.8772
493,4.289716666,0.374833333,1.429583333,0.87625,0.74065,0.8684
494,4.129966667,0.373866667,1.49075,0.85235,0.385966667,1.027033333
495,4.10425,0.3378,1.46845,0.832383333,0.328,1.137616667
496,4.056533333,0.299633333,1.638233333,0.761916667,0.29595,1.0608
497,4.11085,0.29965,1.820633333,0.6487,0.23375,1.108116667
498,4.332866668,0.298266667,1.8324,0.633266667,0.237766667,1.331166667
499,4.196866667,0.297383333,1.620183333,0.555666667,0.220466667,1.503166667
500,4.2549,0.298166667,1.7696,0.564083333,0.266533333,1.356516667
